{"cameraMode":{"drawMode":0,"name":"Shaded","section":"Shading Mode"},"sceneLighting":true,"audioPlay":false,"sceneViewState":{"showFog":true,"showMaterialUpdate":false,"showSkybox":true,"showFlares":true,"showImageEffects":true,"showParticleSystems":true},"in2DMode":false,"pivot":{"x":0.02456381916999817,"y":12.842406272888184,"z":0.16747388243675233},"rotation":{"x":0.07089769095182419,"y":-0.06339998543262482,"z":0.004524098243564367,"w":0.9954784512519836},"size":5.119488716125488,"orthographic":true}