{"cameraMode":{"drawMode":0,"name":"Shaded","section":"Shading Mode"},"sceneLighting":false,"audioPlay":false,"sceneViewState":{"showFog":true,"showMaterialUpdate":false,"showSkybox":false,"showFlares":true,"showImageEffects":true,"showParticleSystems":true},"in2DMode":false,"pivot":{"x":0.24555587768554688,"y":17.547405242919923,"z":0.36412811279296877},"rotation":{"x":0.07388333231210709,"y":0.16615331172943116,"z":-0.012482218444347382,"w":0.9832550287246704},"size":69.11937713623047,"orthographic":false}